S,B,latency_s,memory_bytes,energy_j,oom,is_validation,predicted_flops,extended_ops,predicted_memory_bytes,predicted_memory_naive_bytes,baseline_extra_bytes,predicted_runtime_memory_bytes,predicted_bytes_moved,free_memory_before_bytes,oom_stage,energy_status,energy_forwards,energy_duration_s,mean_power_w
32,1,0.00024699199944734575,12750848,0.01882648270563845,False,False,18450432.0,18488576.0,4230928.0,4214544.0,8519920,12750848.0,4542624.0,15715008512,,ok,9520,3.0073695000028238,59.596306791536506
32,2,0.000298799991607666,13869056,0.017499076067763054,False,False,36900864.0,36977152.0,4300560.0,4267792.0,9568496,13869056.0,4923952.0,15660482560,,ok,10494,3.008061600034125,61.047720649411644
32,4,0.00025283199548721314,14008320,0.018365740851251484,False,False,73801728.0,73954304.0,4439824.0,4374288.0,9568496,14008320.0,5686608.0,15658385408,,ok,10428,3.019315900048241,63.43090684674316
32,8,0.00025406399369239807,14286848,0.019553154974192754,False,False,147603456.0,147908608.0,4718352.0,4587280.0,9568496,14286848.0,7211920.0,15658385408,,ok,10374,3.0173571000341326,67.22586123464836
32,16,0.000537312000989914,14843904,0.03507355804881529,False,False,295206912.0,295817216.0,5275408.0,5013264.0,9568496,14843904.0,10262544.0,15658385408,,ok,6031,3.001601599971764,70.47192025563781
32,29,0.0005715520083904267,15749120,0.04126741720506173,False,True,535062528.0,536168704.0,6180624.0,5705488.0,9568496,15749120.0,15219808.0,15658385408,,ok,5610,3.005276499898173,77.03457919038082
32,32,0.0005791839957237244,15958016,0.04182575347521609,False,False,590413824.0,591634432.0,6389520.0,5865232.0,9568496,15958016.0,16363792.0,15656288256,,ok,5644,3.015361599973403,78.28731141770918
32,56,0.0005861119925975799,17629184,0.05189354984894996,False,True,1033224192.0,1035360256.0,8060688.0,7143184.0,9568496,17629184.0,25515664.0,15656288256,,ok,5372,3.0160640000831336,92.42912278415685
32,64,0.0005951200127601624,18186240,0.05357046580090843,False,False,1180827648.0,1183268864.0,8617744.0,7569168.0,9568496,18186240.0,28566288.0,15656288256,,ok,5412,3.016258699935861,96.12019052632371
32,128,0.00045793600380420683,22642688,0.07277293717056307,False,False,2361655296.0,2366537728.0,13074192.0,10977040.0,9568496,22642688.0,52971280.0,15656288256,,ok,6837,3.0042404000414535,165.61543191692462
32,179,0.0005325599908828735,26755072,0.096628457838253,False,True,3302627328.0,3309455104.0,16625424.0,13692688.0,9568496,26193920.0,72419008.0,15656288256,,ok,6142,3.015971199958585,196.78304224214727
32,256,0.0005931519865989685,32210944,0.12929889620044757,False,False,4723310592.0,4733075456.0,21987088.0,17792784.0,9568496,31555584.0,101781264.0,15656288256,,ok,5346,3.003327100072056,230.15538303204093
64,1,0.0002475680038332939,14008320,0.01928940627577155,False,False,72861696.0,73013504.0,4439824.0,4374288.0,9568496,14008320.0,5660832.0,15656288256,,ok,10320,3.018720200052485,65.94406224283435
64,2,0.0002700320035219192,14286848,0.018199316715214558,False,False,145723392.0,146027008.0,4718352.0,4587280.0,9568496,14286848.0,7160368.0,15656288256,,ok,11544,3.0052594000007957,69.90841195285212
64,4,0.00028164799511432644,14843904,0.02214625951987489,False,False,291446784.0,292054016.0,5275408.0,5013264.0,9568496,14843904.0,10159440.0,15656288256,,ok,11005,3.0185531999450177,80.74053027147657
64,8,0.000319472000002861,15958016,0.028981701598163767,False,False,582893568.0,584108032.0,6389520.0,5865232.0,9568496,15958016.0,16157584.0,15656288256,,ok,10788,3.0123892999254167,103.78957223381842
64,16,0.0005783840119838715,18186240,0.054312506291788284,False,False,1165787136.0,1168216064.0,8617744.0,7569168.0,9568496,18186240.0,28153872.0,15656288256,,ok,5678,3.004021400003694,102.65786080098987
64,29,0.0006219519972801208,21807104,0.07654645492150368,False,True,2112989184.0,2117391616.0,12238608.0,10338064.0,9568496,21807104.0,47647840.0,15656288256,,ok,5024,3.0054254999849945,127.95838377213296
64,32,0.0006214240193367004,22642688,0.08005555276461662,False,False,2331574272.0,2336432128.0,13074192.0,10977040.0,9568496,22642688.0,52146448.0,15656288256,,ok,4960,3.0011379999341443,132.30832494913986
64,56,0.0006944480240345002,29327360,0.1179090374543327,False,True,4080254976.0,4088756224.0,19758864.0,16088848.0,9568496,29327360.0,88135312.0,15656288256,,ok,4508,3.0142558999359608,176.34001839572562
64,64,0.000729775995016098,32210944,0.13058761441729347,False,False,4663148544.0,4672864256.0,21987088.0,17792784.0,9568496,31555584.0,100131600.0,15656288256,,ok,4239,3.0072522999253124,184.0753093874615
64,128,0.0009673599898815155,49381376,0.23962320897735506,False,False,9326297088.0,9345728512.0,39812880.0,31424272.0,9568496,49381376.0,196101904.0,15656288256,,ok,3140,3.007019800017588,250.2201269790422
64,179,0.0011958240270614623,63586304,0.32967328633651505,False,True,13042243584.0,13069417216.0,54017808.0,42286864.0,9568496,63586304.0,272578240.0,15656288256,,ok,2544,3.0063767000101507,278.9699775271883
64,256,0.001364672005176544,119316480,0.3815931118284156,False,False,18652594176.0,18691457024.0,75464464.0,58687248.0,9568496,85032960.0,388042512.0,15656288256,,ok,2240,3.0137799999210984,283.6200952020483
80,1,0.00024527999758720397,14164992,0.019588208290595953,False,True,113670144.0,113907200.0,4596496.0,4494096.0,9568496,14164992.0,6499488.0,15656288256,,ok,10935,3.021682900027372,70.8866763139595
80,2,0.0002952800095081329,14600192,0.02163330920556753,False,True,227340288.0,227814400.0,5031696.0,4826896.0,9568496,14600192.0,8837680.0,15656288256,,ok,10988,3.0108307000482455,78.95057053422732
80,4,0.00029488000273704526,15470592,0.028331037051748397,False,True,454680576.0,455628800.0,5902096.0,5492496.0,9568496,15470592.0,13514064.0,15656288256,,ok,10050,3.017507700016722,94.35830847042861
80,8,0.00033776000142097477,17211392,0.03962661280356454,False,True,909361152.0,911257600.0,7642896.0,6823696.0,9568496,17211392.0,22866832.0,15656288256,,ok,9676,3.005041899974458,127.59459543327816
80,16,0.0005787840187549591,20692992,0.06800532286519692,False,True,1818722304.0,1822515200.0,11124496.0,9486096.0,9568496,20692992.0,41572368.0,15656288256,,ok,5542,3.0126283999998122,125.1018875474137
80,29,0.0006713280081748962,26791936,0.10388670049703354,False,True,3296434176.0,3303308800.0,16782096.0,13812496.0,9568496,26350592.0,71968864.0,15656288256,,ok,4698,3.0114353999961168,162.06879913004042
80,32,0.0006755519807338714,27656192,0.11036878272890943,False,True,3637444608.0,3645030400.0,18087696.0,14810896.0,9568496,27656192.0,78983440.0,15656288256,,ok,4640,3.00763490004465,170.27038483113
80,56,0.0008777599930763245,38100992,0.17848860656836016,False,True,6365528064.0,6378803200.0,28532496.0,22798096.0,9568496,38100992.0,135100048.0,15656288256,,ok,3498,3.0154263000003994,207.05302788399808
80,64,0.0009529919922351837,41582592,0.19454811849401715,False,True,7274889216.0,7290060800.0,32014096.0,25460496.0,9568496,41582592.0,153805584.0,15656288256,,ok,3280,3.0153281999519095,211.62466781246349
80,128,0.0012399839758872985,70746112,0.3494613851637154,False,True,14549778432.0,14580121600.0,59866896.0,46759696.0,9830640,69697536.0,303449872.0,15656288256,,ok,2464,3.001514900010079,286.8794198024815
80,179,0.0016447360515594483,94035968,0.4868967175872497,False,True,20346955776.0,20389388800.0,82062096.0,63732496.0,10501360,92563456.0,422697664.0,15656288256,,ok,1848,3.0136160000693053,298.5732535533873
80,256,0.0021459200382232665,224755712,0.6039958997835876,False,True,29099556864.0,29160243200.0,115572496.0,89358096.0,9568496,125140992.0,602738448.0,15656288256,,ok,1422,3.004823499941267,285.8344822945672
128,1,0.00038910399377346035,14843904,0.024793682921313016,False,False,290506752.0,291113216.0,5275408.0,5013264.0,9568496,14843904.0,10133664.0,15656288256,,ok,9945,3.0072540999390185,81.99279756820616
128,2,0.0002522719949483871,15958016,0.029808822609209622,False,False,581013504.0,582226432.0,6389520.0,5865232.0,9568496,15958016.0,16106032.0,15656288256,,ok,10507,3.0173249000217766,103.80098581783655
128,4,0.00027457600831985474,18186240,0.042755058284890665,False,False,1162027008.0,1164452864.0,8617744.0,7569168.0,9568496,18186240.0,28050768.0,15656288256,,ok,10008,3.0127713000401855,142.02625446859454
128,8,0.00032097598910331724,22642688,0.06848156709871028,False,False,2324054016.0,2328905728.0,13074192.0,10977040.0,9568496,22642688.0,51940240.0,15656288256,,ok,9672,3.008646999951452,220.15002656988796
128,16,0.0007314879894256592,32210944,0.13456444403318912,False,False,4648108032.0,4657811456.0,21987088.0,17792784.0,9568496,31555584.0,99719184.0,15656288256,,ok,4266,3.0157605999847874,190.35062605714808
128,29,0.0009702079892158508,46628864,0.21871391362950457,False,True,8424695808.0,8442283264.0,36470544.0,28868368.0,9568496,46039040.0,177359968.0,15656288256,,ok,3180,3.0010060000931844,231.75903191137513
128,32,0.0010194559693336488,49381376,0.2397230995968964,False,False,9296216064.0,9315622912.0,39812880.0,31424272.0,9568496,49381376.0,195277072.0,15656288256,,ok,3021,3.012121199979447,240.4297290185951
128,56,0.0014527840018272401,76120064,0.3907840998202916,False,True,16268378112.0,16302340096.0,66551568.0,51871504.0,9568496,76120064.0,338613904.0,15656288256,,ok,2145,3.010193800088018,278.46442780196264
128,64,0.0015817919969558715,85032960,0.442896447407974,False,False,18592432128.0,18631245824.0,75464464.0,58687248.0,9568496,85032960.0,386392848.0,15656288256,,ok,1920,3.0141592000145465,282.12218485977985
128,128,0.002933807969093323,156336128,0.8761702551033523,False,False,37184864256.0,37262491648.0,146767632.0,113213200.0,9568496,156336128.0,768624400.0,15656288256,,ok,1026,3.0066163999726996,298.99081297640834
128,179,0.00412062406539917,214138880,1.2386322178667757,False,True,52000708608.0,52109265664.0,203587344.0,156663568.0,10027248,213614592.0,1073215168.0,15656288256,,ok,728,3.0160911000566557,298.97115991956423
128,256,0.005869951963424682,387547136,1.6769715861669032,False,False,74369728512.0,74524983296.0,289373968.0,222265104.0,9568496,298942464.0,1533087504.0,15656288256,,ok,516,3.0168405999429524,286.8289887369207
224,1,0.0004756959974765777,17141760,0.04981871126731222,False,False,889030656.0,890887424.0,7573264.0,6770448.0,9568496,17141760.0,22433952.0,15656288256,,ok,6594,3.005996499909088,109.28308868842393
224,2,0.000506496012210846,20553728,0.0673990790567706,False,False,1778061312.0,1781774848.0,10985232.0,9379600.0,9568496,20553728.0,40706608.0,15656288256,,ok,6513,3.008780899923295,145.89636683346998
224,4,0.0004024479985237122,27377664,0.09903202471745702,False,False,3556122624.0,3563549696.0,17809168.0,14597904.0,9568496,27377664.0,77251920.0,15656288256,,ok,7840,3.014730399940163,257.5391397520234
224,8,0.0007964480221271514,41025536,0.17573496171831948,False,False,7112245248.0,7127099392.0,31457040.0,25034512.0,9568496,41025536.0,150342544.0,15656288256,,ok,3900,3.012628299999051,227.49781335508996
224,16,0.001267087996006012,68780032,0.3492219435281126,False,False,14224490496.0,14254198784.0,58752784.0,45907728.0,10027248,68780032.0,296523792.0,15656288256,,ok,2415,3.0044098999351263,280.7110286910593
224,29,0.0021161760091781617,113618944,0.6260111037595596,False,True,25781889024.0,25835735296.0,103108368.0,79826704.0,9568496,112676864.0,534068320.0,15656288256,,ok,1431,3.0045042999554425,298.15962969106585
224,32,0.0023169440031051633,123961344,0.6901978438657546,False,False,28448980992.0,28508397568.0,113344272.0,87654160.0,9568496,122912768.0,588886288.0,15656288256,,ok,1304,3.0120238000527024,298.808392013767
224,56,0.0037039359807968138,205651968,1.1150184762596038,False,True,49785716736.0,49889695744.0,195231504.0,150273808.0,9568496,204800000.0,1027430032.0,15656288256,,ok,810,3.011279199970886,299.92734176857834
224,64,0.004312896013259888,233144320,1.2891272825522324,False,False,56897961984.0,57016795136.0,222527248.0,171147024.0,9568496,232095744.0,1173611280.0,15656288256,,ok,696,3.0012695000041276,298.95102344361936
224,128,0.00873311996459961,452034560,2.6224049976720667,False,False,113795923968.0,114033590272.0,440893200.0,338132752.0,10092784,450985984.0,2343061264.0,15656288256,,ok,344,3.01089390006382,299.61444977522103
224,179,0.012178368091583252,625471488,3.6561473948167706,False,True,159136487424.0,159468848896.0,614903568.0,471199504.0,9568496,624472064.0,3274966720.0,15656288256,,ok,246,3.007499099941924,299.05653476082284
224,256,0.014447328090667724,888242176,4.081286616481621,False,False,227591847936.0,228067180544.0,877625104.0,672104208.0,10617072,888242176.0,4681961232.0,15656288256,,ok,208,3.0081598999677226,282.20162639535414
256,1,0.0002945600003004074,18186240,0.04482757503415813,False,False,1161086976.0,1163512064.0,8617744.0,7569168.0,9568496,18186240.0,28024992.0,15656288256,,ok,10050,3.002183699980378,150.06314540187321
256,2,0.0003185599893331528,22642688,0.07021967962430248,False,False,2322173952.0,2327024128.0,13074192.0,10977040.0,9568496,22642688.0,51888688.0,15656288256,,ok,10106,3.0135746999876574,235.48116537018555
256,4,0.0004579680114984513,32210944,0.12293346440411408,False,False,4644347904.0,4654048256.0,21987088.0,17792784.0,9568496,31555584.0,99616080.0,15656288256,,ok,6751,3.015109400032088,275.2549602954181
256,8,0.000858815997838974,49381376,0.2208968162117023,False,False,9288695808.0,9308096512.0,39812880.0,31424272.0,9568496,49381376.0,195070864.0,15656288256,,ok,3611,3.010709899943322,264.94030638935794
256,16,0.0015854559540748596,85032960,0.4472369532122657,False,False,18577391616.0,18616193024.0,75464464.0,58687248.0,9568496,85032960.0,385980432.0,15656288256,,ok,1920,3.015764500014484,284.7354129155065
256,29,0.002711840033531189,144277504,0.809609895478675,False,True,33671522304.0,33741849856.0,133398288.0,102989584.0,9830640,143228928.0,696208480.0,15656288256,,ok,1106,3.0016045999946073,298.31662184986766
256,32,0.002939695954322815,156336128,0.8789634744792421,False,False,37154783232.0,37232386048.0,146767632.0,113213200.0,9568496,156336128.0,767799568.0,15656288256,,ok,1020,3.0019139000214636,298.65704807936584
256,56,0.004851135969161987,263290880,1.4550229764750684,False,True,65020870656.0,65156675584.0,253722384.0,195002128.0,9568496,263290880.0,1340528272.0,15656288256,,ok,620,3.0166165999835357,299.0483594830931
256,64,0.005649215936660766,298942464,1.691862858762822,False,False,74309566464.0,74464772096.0,289373968.0,222265104.0,9568496,298942464.0,1531437840.0,15656288256,,ok,534,3.0158709000097588,299.56679066614674
256,128,0.011254735946655273,584155136,3.3899260577547543,False,False,148619132928.0,148929544192.0,574586640.0,440368912.0,9568496,584155136.0,3058714384.0,15656288256,,ok,266,3.008572500082664,299.71700244484344
256,179,0.015714960098266603,813006848,4.732413877406158,False,True,207834568704.0,208268659456.0,801865488.0,614170384.0,9568496,811433984.0,4275762880.0,15656288256,,ok,191,3.0118861999362707,300.1079690871793
256,256,0.019559423446655275,1154580480,5.5570247468359835,False,False,297238265856.0,297859088384.0,1145011984.0,876576528.0,9568496,1154580480.0,6113267472.0,15656288256,,ok,154,3.014129300019704,283.92339074741983
272,1,0.00028486399352550503,18760704,0.04962879582223623,False,True,1310717952.0,1313455616.0,9192208.0,8008464.0,9568496,18760704.0,31100064.0,15656288256,,ok,9870,3.0191203000722453,162.2446825831187
272,2,0.0003587680011987686,23822336,0.08232288786026276,False,True,2621435904.0,2626911232.0,14223120.0,11855632.0,9568496,23791616.0,58038832.0,15656288256,,ok,8745,3.004044800065458,239.64810855094805
272,4,0.0005475680232048035,33853440,0.14261101395951217,False,True,5242871808.0,5253822464.0,24284944.0,19549968.0,9568496,33853440.0,111916368.0,15656288256,,ok,5760,3.003704500035383,273.47545019728597
272,8,0.0009825280010700226,53977088,0.25224577354403,False,True,10485743616.0,10507644928.0,44408592.0,34938640.0,9568496,53977088.0,219671440.0,15656288256,,ok,3180,3.012374100042507,266.2821858210428
272,16,0.001717967987060547,95322112,0.5063252565497715,False,True,20971487232.0,21015289856.0,84655888.0,65715984.0,10043632,94699520.0,435181584.0,15656288256,,ok,1727,3.002483099931851,291.233518710331
272,29,0.002964128017425537,160175104,0.901180870336614,False,True,38010820608.0,38090212864.0,150057744.0,115729168.0,9568496,159626240.0,785385568.0,15656288256,,ok,996,3.002762100077234,298.916836212959
272,32,0.0031607199907302853,175669248,0.9473427448684094,False,True,41942974464.0,42030579712.0,165150480.0,127270672.0,10518768,175669248.0,866201872.0,15656288256,,ok,948,3.013317200005986,298.03729993426117
272,56,0.005630048036575318,297304064,1.6913178432305267,False,True,73400205312.0,73553514496.0,285892368.0,219602704.0,10182896,296075264.0,1512732304.0,15656288256,,ok,531,3.000779499998316,299.28549390447165
272,64,0.006439023971557617,335708160,1.9429348682641217,False,True,83885948928.0,84061159424.0,326139664.0,250380048.0,9568496,335708160.0,1728242448.0,15656288256,,ok,465,3.010958999977447,300.05878982396763
272,128,0.012895599842071533,658735104,3.8826795197234323,False,True,167771897856.0,168122318848.0,648118032.0,496598800.0,9568496,657686528.0,3452323600.0,15656288256,,ok,232,3.0023581000277773,300.02472009168474
272,179,0.017951888084411623,915738624,5.385102391105925,False,True,234618513408.0,235108555264.0,904694544.0,692804368.0,10034416,914728960.0,4826200768.0,15656288256,,ok,167,3.006723999977112,299.10031626498983
272,256,0.022535823822021486,1302691840,6.344571933832556,False,True,335543795712.0,336244637696.0,1292074768.0,989036304.0,9568496,1301643264.0,6900485904.0,15656288256,,ok,133,3.002985099912621,280.9964216020529
352,1,0.00030182400345802305,22155264,0.07066773633767372,False,True,2194900992.0,2199485696.0,12586768.0,10604304.0,9568496,22155264.0,49270944.0,15656288256,,ok,10164,3.015244400012307,238.21182526138978
352,2,0.0004405440092086792,30580736,0.1204159535134077,False,True,4389801984.0,4398971392.0,21012240.0,17047312.0,9568496,30580736.0,94380592.0,15656288256,,ok,6930,3.003347899997607,277.85078040695197
352,4,0.0008016799986362458,48529408,0.20287701580093198,False,True,8779603968.0,8797942784.0,37863184.0,29933328.0,9568496,47431680.0,184599888.0,15656288256,,ok,3816,3.0000449999934062,258.0556932639537
352,8,0.0018211039900779724,100040704,0.531474184531089,False,True,17559207936.0,17595885568.0,71565072.0,55705360.0,10256624,81821696.0,365038480.0,15656288256,,ok,1650,3.01291809999384,291.05749820351565
352,16,0.0033570239543914797,149454848,1.0061876412515238,False,True,35118415872.0,35191771136.0,138968848.0,107249424.0,9568496,148537344.0,725915664.0,15656288256,,ok,895,3.0033046000171453,299.8490192819512
352,29,0.005487231969833374,259964928,1.6212154787286943,False,True,63652128768.0,63785085184.0,248499984.0,191008528.0,10490096,258990080.0,1312341088.0,15656288256,,ok,549,3.0073296999325976,295.95933490165766
352,32,0.005894544124603272,285048832,1.767334010791894,False,True,70236831744.0,70383542272.0,273776400.0,210337552.0,10223856,284000256.0,1447670032.0,15656288256,,ok,510,3.010846299934201,299.3644496311764
352,56,0.010784208297729492,486572032,3.1896956761684034,False,True,122914455552.0,123171198976.0,475987728.0,364969744.0,10191088,486178816.0,2530301584.0,15656288256,,ok,278,3.0074136999901384,294.84982328095526
352,64,0.012114575862884521,554008576,3.613380144504191,False,True,140473663488.0,140767084544.0,543391504.0,416513808.0,9568496,552960000.0,2891178768.0,15656288256,,ok,247,3.002659899997525,297.2380906986072
352,128,0.024033632278442383,1093763072,7.188742161959456,False,True,280947326976.0,281534169088.0,1082621712.0,828866320.0,10092784,1092714496.0,5778196240.0,15656288256,,ok,125,3.009579399949871,298.57752557048315
352,179,0.03365279960632324,1522909184,10.0895507893662,False,True,392887277568.0,393707939584.0,1512320784.0,1157459728.0,9761008,1522081792.0,8078788288.0,15656288256,,ok,90,3.032926300074905,299.40047373407367
352,256,0.04327316856384277,2171699200,11.691497392781104,False,True,561894653952.0,563068338176.0,2161082128.0,1653571344.0,10617072,2171699200.0,11552231184.0,15656288256,,ok,70,3.0340878000715747,269.7366956471632
384,1,0.00036579200625419615,23822336,0.08045120904263252,False,False,2612054016.0,2617510144.0,14188304.0,11829008.0,9568496,23756800.0,57843872.0,15656288256,,ok,8748,3.0043025000486523,234.25975802821188
384,2,0.000544048011302948,33783808,0.1402094856748531,False,False,5224108032.0,5235020288.0,24215312.0,19496720.0,9568496,33783808.0,111526448.0,15656288256,,ok,5796,3.0162244000239298,269.42762579766986
384,4,0.0009743520021438599,53837824,0.23893165270384578,False,False,10448216064.0,10470040576.0,44269328.0,34832144.0,9568496,53837824.0,218891600.0,15656288256,,ok,3220,3.0063263000920415,255.9136450633548
384,8,0.0024678720235824583,106397696,0.7135060751787756,False,False,20896432128.0,20940081152.0,84377360.0,65502992.0,10092784,94470144.0,433621904.0,15656288256,,ok,1216,3.012303299969062,288.02657004236664
384,16,0.004112112045288086,175210496,1.2339727352611929,False,False,41792864256.0,41880162304.0,164593424.0,126844688.0,10617072,175210496.0,863082512.0,15656288256,,ok,724,3.0064475999679416,297.16009696581114
384,29,0.00704798412322998,305299456,2.081755370476322,False,True,75749566464.0,75907794176.0,294944528.0,226524944.0,9568496,304513024.0,1560956000.0,15656288256,,ok,424,3.0033426999580115,293.8939592522361
384,32,0.007717743873596191,334594048,2.3038094010445604,False,False,83585728512.0,83760324608.0,325025552.0,249528080.0,9568496,334594048.0,1722003728.0,15656288256,,ok,390,3.0124842999503016,298.2540577629571
384,56,0.01346950387954712,576290816,4.030376848764567,False,True,146275024896.0,146580568064.0,565673744.0,433553168.0,9568496,575242240.0,3010385552.0,15656288256,,ok,223,3.008115000091493,298.7831373624884
384,64,0.015372879981994629,655458304,4.585718975826098,False,False,167171457024.0,167520649216.0,645889808.0,494894864.0,9568496,655458304.0,3439846160.0,15656288256,,ok,195,3.0057022999972105,297.50624347824436
384,128,0.030430591583251954,1297186816,9.086364676396224,False,False,334342914048.0,335041298432.0,1287618320.0,985628432.0,9568496,1297186816.0,6875531024.0,15656288256,,ok,99,3.0163826000643894,298.221486539547
384,179,0.04292227172851563,1809743872,12.76879471178175,False,True,467557668864.0,468534315776.0,1798995728.0,1376681744.0,9568496,1808564224.0,9613342400.0,15656288256,,ok,70,3.005788500071503,297.36477792880635
384,256,0.0545177116394043,2580643840,14.772087874552769,False,False,668685828096.0,670082596864.0,2571075344.0,1967095568.0,9568496,2580643840.0,13746900752.0,15656288256,,ok,56,3.052693699952215,270.98589058833653
400,1,0.0004105120003223419,24609792,0.08722738701189986,False,True,2834233344.0,2840153600.0,15041296.0,12481296.0,9568496,24609792.0,62409888.0,15656288256,,ok,8544,3.009483200032264,247.6407891632964
400,2,0.0006708959937095642,35489792,0.14603699997030067,False,True,5668466688.0,5680307200.0,25921296.0,20801296.0,9568496,35489792.0,120658480.0,15656288256,,ok,4640,3.0023207999765873,225.69596155996365
400,4,0.0010146719813346862,57741312,0.2576337286636812,False,True,11336933376.0,11360614400.0,47681296.0,37441296.0,9568496,57249792.0,237155664.0,15656288256,,ok,3078,3.0075297999428585,263.6704104617275
400,8,0.002590384006500244,109322240,0.7596056738027805,False,True,22673866752.0,22721228800.0,91201296.0,70721296.0,9568496,100769792.0,470150032.0,15656288256,,ok,1162,3.0072122999699786,293.51495834452487
400,16,0.004375568151473999,190021632,1.3119725784084364,False,True,45347733504.0,45442457600.0,178241296.0,137281296.0,10305776,188547072.0,936138768.0,15656288256,,ok,684,3.007404400035739,298.3932734888285
400,29,0.007621295928955078,331239424,2.2831188323353233,False,True,82192766976.0,82364454400.0,319681296.0,245441296.0,10511600,330192896.0,1693370464.0,15656288256,,ok,394,3.003931500017643,299.4571680262463
400,32,0.00826910400390625,362872832,2.4755058154348775,False,True,90695467008.0,90884915200.0,352321296.0,270401296.0,9568496,361889792.0,1868116240.0,15656288256,,ok,364,3.012995299999602,299.06588862532055
400,56,0.014584751605987548,623599616,4.387411086133223,False,True,158717067264.0,159048601600.0,613441296.0,470081296.0,9568496,623009792.0,3266082448.0,15656288256,,ok,204,3.005399000016041,297.80799872709093
400,64,0.01655311965942383,710901760,4.953680029149341,False,True,181390934016.0,181769830400.0,700481296.0,536641296.0,10420464,710901760.0,3732071184.0,15656288256,,ok,181,3.0011705000652,298.7554639953151
400,128,0.03281465530395508,1407418368,9.788185624936267,False,True,362781868032.0,363539660800.0,1396801296.0,1069121296.0,9568496,1406369792.0,7459981072.0,15656288256,,ok,92,3.023376199998893,297.85015754720376
400,179,0.04613443183898926,1962539008,13.768988436385591,False,True,507327768576.0,508387494400.0,1951681296.0,1493441296.0,9821424,1961502720.0,10430659264.0,15656288256,,ok,65,3.0027284000534564,298.0570098678023
400,256,0.05787492752075195,2800058368,15.726471796271024,False,True,725563736064.0,727079321600.0,2789441296.0,2134081296.0,9568496,2799009792.0,14915800848.0,15656288256,,ok,52,3.009354100096971,271.7448682359254
512,1,0.0004562239944934845,32210944,0.1290575998194058,False,False,4643407872.0,4653107456.0,21987088.0,17792784.0,9568496,31555584.0,99590304.0,15656288256,,ok,6794,3.0164320000912994,290.6802915320166
512,2,0.0008468480110168457,49381376,0.22062840823228863,False,False,9286815744.0,9306214912.0,39812880.0,31424272.0,9568496,49381376.0,195019312.0,15656288256,,ok,3634,3.0083038000157103,266.51684431338015
512,4,0.0013880639672279357,85032960,0.41044313114775827,False,False,18573631488.0,18612429824.0,75464464.0,58687248.0,9568496,85032960.0,385877328.0,15656288256,,ok,2170,3.007324200007133,296.16414305731416
512,8,0.0026262720823287964,156336128,0.7928300289118402,False,False,37147262976.0,37224859648.0,146767632.0,113213200.0,9568496,156336128.0,767593360.0,15656288256,,ok,1134,3.0017468000296503,299.515353119439
512,16,0.005416815996170044,298942464,1.6306042030277552,False,False,74294525952.0,74449719296.0,289373968.0,222265104.0,9568496,298942464.0,1531025424.0,15656288256,,ok,552,3.0069750999100506,299.3352090272533
512,29,0.010300303936004639,531726336,3.0988596376310635,False,True,134658828288.0,134940116224.0,521109264.0,399474448.0,10617072,531726336.0,2771602528.0,15656288256,,ok,291,3.0045527999754995,300.13390164353007
512,32,0.011278048038482667,584155136,3.3979677458518442,False,False,148589051904.0,148899438592.0,574586640.0,440368912.0,9568496,584155136.0,3057889552.0,15656288256,,ok,265,3.0013253000797704,300.02127814229465
512,56,0.019618255615234375,1011974144,5.890035280998491,False,True,260030840832.0,260574017536.0,1002405648.0,767524624.0,9568496,1011974144.0,5348185744.0,15656288256,,ok,153,3.0115721999900416,299.2375205202615
512,64,0.022377599716186525,1154580480,6.730333386026554,False,False,297178103808.0,297798877184.0,1145011984.0,876576528.0,9568496,1154580480.0,6111617808.0,15656288256,,ok,134,3.0065944000380114,299.96220099264343
512,128,0.044353456497192384,2295431168,13.301536031488657,False,False,594356207616.0,595597754368.0,2285862672.0,1748991760.0,9568496,2295431168.0,12219074320.0,15656288256,,ok,68,3.020640700007789,299.441257657323
512,179,0.06183635139465332,3205595136,18.528868921290744,False,True,831170009088.0,832906234624.0,3194978064.0,2444197648.0,10617072,3205595136.0,17085953728.0,15656288256,,ok,49,3.034365399973467,299.2106939893216
512,256,0.07367608261108399,4577132544,21.02343396091921,False,False,1188712415232.0,1191195508736.0,4567564048.0,3493822224.0,9568496,4577132544.0,24433987344.0,15656288256,,ok,41,3.022545500076376,285.1771106095531
